pokemon_id,version_group_id,move_id,pokemon_move_method_id,level
1,2,14,4,0
1,2,15,4,0
1,2,22,1,13
1,2,33,1,1
1,2,34,4,0
1,2,36,4,0
1,2,38,4,0
1,2,45,1,1
1,2,72,4,0
1,2,73,1,7
1,2,74,1,34
1,2,75,1,27
1,2,76,1,48
1,2,76,4,0
1,2,77,1,20
1,2,79,1,41
1,2,92,4,0
1,2,99,4,0
1,2,102,4,0
1,2,104,4,0
1,2,115,4,0
1,2,117,4,0
1,2,156,4,0
1,2,164,4,0
2,2,14,4,0
2,2,15,4,0
2,2,22,1,13
2,2,33,1,1
2,2,34,4,0
2,2,36,4,0
2,2,38,4,0
2,2,45,1,1
2,2,72,4,0
2,2,73,1,1
2,2,73,1,7
2,2,74,1,38
2,2,75,1,30
2,2,76,1,54
2,2,76,4,0
2,2,77,1,22
2,2,79,1,46
2,2,92,4,0
2,2,99,4,0
2,2,102,4,0
2,2,104,4,0
2,2,115,4,0
2,2,117,4,0
2,2,156,4,0
2,2,164,4,0
3,2,14,4,0
3,2,15,4,0
3,2,22,1,1
3,2,22,1,13
3,2,33,1,1
3,2,34,4,0
3,2,36,4,0
3,2,38,4,0
3,2,45,1,1
3,2,63,4,0
3,2,72,4,0
3,2,73,1,1
3,2,73,1,7
3,2,74,1,43
3,2,75,1,30
3,2,76,1,65
3,2,76,4,0
3,2,77,1,22
3,2,79,1,55
3,2,92,4,0
3,2,99,4,0
3,2,102,4,0
3,2,104,4,0
3,2,115,4,0
3,2,117,4,0
3,2,156,4,0
3,2,164,4,0
4,2,5,4,0
4,2,10,1,1
4,2,14,4,0
4,2,15,4,0
4,2,25,4,0
4,2,34,4,0
4,2,36,4,0
4,2,38,4,0
4,2,43,1,15
4,2,45,1,1
4,2,52,1,9
4,2,53,1,38
4,2,66,4,0
4,2,68,4,0
4,2,69,4,0
4,2,70,4,0
4,2,82,4,0
4,2,83,1,46
4,2,91,4,0
4,2,92,4,0
4,2,99,1,22
4,2,99,4,0
4,2,102,4,0
4,2,104,4,0
4,2,115,4,0
4,2,117,4,0
4,2,126,4,0
4,2,129,4,0
4,2,130,4,0
4,2,156,4,0
4,2,163,1,30
4,2,164,4,0
5,2,5,4,0
5,2,10,1,1
5,2,14,4,0
5,2,15,4,0
5,2,25,4,0
5,2,34,4,0
5,2,36,4,0
5,2,38,4,0
5,2,43,1,15
5,2,45,1,1
5,2,52,1,1
5,2,52,1,9
5,2,53,1,42
5,2,66,4,0
5,2,68,4,0
5,2,69,4,0
5,2,70,4,0
5,2,82,4,0
5,2,83,1,56
5,2,91,4,0
5,2,92,4,0
5,2,99,1,24
5,2,99,4,0
5,2,102,4,0
5,2,104,4,0
5,2,115,4,0
5,2,117,4,0
5,2,126,4,0
5,2,129,4,0
5,2,130,4,0
5,2,156,4,0
5,2,163,1,33
5,2,164,4,0
6,2,5,4,0
6,2,10,1,1
6,2,14,4,0
6,2,15,4,0
6,2,19,4,0
6,2,25,4,0
6,2,34,4,0
6,2,36,4,0
6,2,38,4,0
6,2,43,1,1
6,2,43,1,15
6,2,45,1,1
6,2,52,1,1
6,2,52,1,9
6,2,53,1,46
6,2,63,4,0
6,2,66,4,0
6,2,68,4,0
6,2,69,4,0
6,2,70,4,0
6,2,82,4,0
6,2,83,1,55
6,2,89,4,0
6,2,90,4,0
6,2,91,4,0
6,2,92,4,0
6,2,99,1,24
6,2,99,4,0
6,2,102,4,0
6,2,104,4,0
6,2,115,4,0
6,2,117,4,0
6,2,126,4,0
6,2,129,4,0
6,2,130,4,0
6,2,156,4,0
6,2,163,1,36
6,2,164,4,0
7,2,5,4,0
7,2,25,4,0
7,2,33,1,1
7,2,34,4,0
7,2,36,4,0
7,2,38,4,0
7,2,39,1,1
7,2,44,1,22
7,2,55,1,15
7,2,55,4,0
7,2,56,1,42
7,2,57,4,0
7,2,58,4,0
7,2,59,4,0
7,2,61,4,0
7,2,66,4,0
7,2,68,4,0
7,2,69,4,0
7,2,70,4,0
7,2,91,4,0
7,2,92,4,0
7,2,99,4,0
7,2,102,4,0
7,2,104,4,0
7,2,110,1,28
7,2,115,4,0
7,2,117,4,0
7,2,130,1,35
7,2,130,4,0
7,2,145,1,8
7,2,156,4,0
7,2,164,4,0
8,2,5,4,0
8,2,25,4,0
8,2,33,1,1
8,2,34,4,0
8,2,36,4,0
8,2,38,4,0
8,2,39,1,1
8,2,44,1,24
8,2,55,1,15
8,2,55,4,0
8,2,56,1,47
8,2,57,4,0
8,2,58,4,0
8,2,59,4,0
8,2,61,4,0
8,2,66,4,0
8,2,68,4,0
8,2,69,4,0
8,2,70,4,0
8,2,91,4,0
8,2,92,4,0
8,2,99,4,0
8,2,102,4,0
8,2,104,4,0
8,2,110,1,31
8,2,115,4,0
8,2,117,4,0
8,2,130,1,39
8,2,130,4,0
8,2,145,1,1
8,2,145,1,8
8,2,156,4,0
8,2,164,4,0
9,2,5,4,0
9,2,25,4,0
9,2,33,1,1
9,2,34,4,0
9,2,36,4,0
9,2,38,4,0
9,2,39,1,1
9,2,44,1,24
9,2,55,1,1
9,2,55,1,15
9,2,55,4,0
9,2,56,1,52
9,2,57,4,0
9,2,58,4,0
9,2,59,4,0
9,2,61,4,0
9,2,63,4,0
9,2,66,4,0
9,2,68,4,0
9,2,69,4,0
9,2,70,4,0
9,2,89,4,0
9,2,90,4,0
9,2,91,4,0
9,2,92,4,0
9,2,99,4,0
9,2,102,4,0
9,2,104,4,0
9,2,110,1,31
9,2,115,4,0
9,2,117,4,0
9,2,130,1,42
9,2,130,4,0
9,2,145,1,1
9,2,145,1,8
9,2,156,4,0
9,2,164,4,0
10,2,33,1,1
10,2,81,1,1
11,2,106,1,1
11,2,106,1,7
12,2,13,4,0
12,2,16,1,28
12,2,18,1,23
12,2,18,4,0
12,2,36,4,0
12,2,38,4,0
12,2,48,1,18
12,2,60,1,34
12,2,63,4,0
12,2,72,4,0
12,2,76,4,0
12,2,77,1,13
12,2,78,1,14
12,2,79,1,15
12,2,92,4,0
12,2,93,1,1
12,2,93,1,10
12,2,94,4,0
12,2,99,4,0
12,2,100,4,0
12,2,102,4,0
12,2,104,4,0
12,2,115,4,0
12,2,117,4,0
12,2,129,4,0
12,2,148,4,0
12,2,149,4,0
12,2,156,4,0
12,2,164,4,0
13,2,40,1,1
13,2,81,1,1
14,2,106,1,1
15,2,14,4,0
15,2,15,4,0
15,2,31,1,1
15,2,31,1,12
15,2,36,4,0
15,2,38,4,0
15,2,41,1,20
15,2,42,1,30
15,2,63,4,0
15,2,72,4,0
15,2,92,4,0
15,2,97,1,35
15,2,99,1,25
15,2,99,4,0
15,2,102,4,0
15,2,104,4,0
15,2,115,4,0
15,2,116,1,16
15,2,117,4,0
15,2,129,4,0
15,2,130,4,0
15,2,156,4,0
15,2,164,4,0
16,2,13,4,0
16,2,16,1,1
16,2,17,1,28
16,2,18,1,19
16,2,18,4,0
16,2,19,4,0
16,2,28,1,5
16,2,36,4,0
16,2,38,4,0
16,2,92,4,0
16,2,97,1,36
16,2,98,1,12
16,2,99,4,0
16,2,102,4,0
16,2,104,4,0
16,2,115,4,0
16,2,117,4,0
16,2,119,1,44
16,2,129,4,0
16,2,143,4,0
16,2,156,4,0
16,2,164,4,0
17,2,13,4,0
17,2,16,1,1
17,2,17,1,31
17,2,18,1,21
17,2,18,4,0
17,2,19,4,0
17,2,28,1,1
17,2,28,1,5
17,2,36,4,0
17,2,38,4,0
17,2,92,4,0
17,2,97,1,40
17,2,98,1,12
17,2,99,4,0
17,2,102,4,0
17,2,104,4,0
17,2,115,4,0
17,2,117,4,0
17,2,119,1,49
17,2,129,4,0
17,2,143,4,0
17,2,156,4,0
17,2,164,4,0
18,2,13,4,0
18,2,16,1,1
18,2,17,1,31
18,2,18,1,21
18,2,18,4,0
18,2,19,4,0
18,2,28,1,1
18,2,28,1,5
18,2,36,4,0
18,2,38,4,0
18,2,63,4,0
18,2,92,4,0
18,2,97,1,44
18,2,98,1,1
18,2,98,1,12
18,2,99,4,0
18,2,102,4,0
18,2,104,4,0
18,2,115,4,0
18,2,117,4,0
18,2,119,1,54
18,2,129,4,0
18,2,143,4,0
18,2,156,4,0
18,2,164,4,0
19,2,33,1,1
19,2,34,4,0
19,2,36,4,0
19,2,38,4,0
19,2,39,1,1
19,2,55,4,0
19,2,59,4,0
19,2,61,4,0
19,2,85,4,0
19,2,87,4,0
19,2,91,4,0
19,2,92,4,0
19,2,98,1,7
19,2,99,4,0
19,2,102,4,0
19,2,104,4,0
19,2,116,1,23
19,2,117,4,0
19,2,129,4,0
19,2,130,4,0
19,2,156,4,0
19,2,158,1,14
19,2,162,1,34
19,2,164,4,0
20,2,33,1,1
20,2,34,4,0
20,2,36,4,0
20,2,38,4,0
20,2,39,1,1
20,2,55,4,0
20,2,58,4,0
20,2,59,4,0
20,2,61,4,0
20,2,63,4,0
20,2,85,4,0
20,2,87,4,0
20,2,91,4,0
20,2,92,4,0
20,2,98,1,1
20,2,98,1,7
20,2,99,4,0
20,2,102,4,0
20,2,104,4,0
20,2,116,1,27
20,2,117,4,0
20,2,129,4,0
20,2,130,4,0
20,2,156,4,0
20,2,158,1,14
20,2,162,1,41
20,2,164,4,0
21,2,13,4,0
21,2,18,4,0
21,2,19,4,0
21,2,31,1,15
21,2,36,4,0
21,2,38,4,0
21,2,43,1,9
21,2,45,1,1
21,2,64,1,1
21,2,65,1,29
21,2,92,4,0
21,2,97,1,36
21,2,99,4,0
21,2,102,4,0
21,2,104,4,0
21,2,117,4,0
21,2,119,1,22
21,2,129,4,0
21,2,143,4,0
21,2,156,4,0
21,2,164,4,0
22,2,13,4,0
22,2,18,4,0
22,2,19,4,0
22,2,31,1,15
22,2,36,4,0
22,2,38,4,0
22,2,43,1,1
22,2,43,1,9
22,2,45,1,1
22,2,63,4,0
22,2,64,1,1
22,2,65,1,34
22,2,92,4,0
22,2,97,1,43
22,2,99,4,0
22,2,102,4,0
22,2,104,4,0
22,2,117,4,0
22,2,119,1,25
22,2,129,4,0
22,2,143,4,0
22,2,156,4,0
22,2,164,4,0
23,2,34,4,0
23,2,35,1,1
23,2,36,4,0
23,2,38,4,0
23,2,40,1,10
23,2,43,1,1
23,2,44,1,17
23,2,51,1,38
23,2,70,4,0
23,2,72,4,0
23,2,89,4,0
23,2,90,4,0
23,2,91,4,0
23,2,92,4,0
23,2,99,4,0
23,2,102,4,0
23,2,103,1,31
23,2,104,4,0
23,2,117,4,0
23,2,130,4,0
23,2,137,1,24
23,2,156,4,0
23,2,157,4,0
23,2,164,4,0
24,2,34,4,0
24,2,35,1,1
24,2,36,4,0
24,2,38,4,0
24,2,40,1,1
24,2,40,1,10
24,2,43,1,1
24,2,44,1,17
24,2,51,1,47
24,2,63,4,0
24,2,70,4,0
24,2,72,4,0
24,2,89,4,0
24,2,90,4,0
24,2,91,4,0
24,2,92,4,0
24,2,99,4,0
24,2,102,4,0
24,2,103,1,36
24,2,104,4,0
24,2,117,4,0
24,2,130,4,0
24,2,137,1,27
24,2,156,4,0
24,2,157,4,0
24,2,164,4,0
25,2,5,4,0
25,2,6,4,0
25,2,21,1,20
25,2,25,4,0
25,2,34,4,0
25,2,36,4,0
25,2,38,4,0
25,2,39,1,6
25,2,45,1,1
25,2,57,5,0
25,2,66,4,0
25,2,69,4,0
25,2,84,1,1
25,2,85,1,26
25,2,85,4,0
25,2,86,1,8
25,2,86,4,0
25,2,87,1,41
25,2,87,4,0
25,2,92,4,0
25,2,97,1,33
25,2,98,1,11
25,2,99,4,0
25,2,102,4,0
25,2,104,1,15
25,2,104,4,0
25,2,113,1,50
25,2,115,4,0
25,2,117,4,0
25,2,129,4,0
25,2,130,4,0
25,2,148,4,0
25,2,156,4,0
25,2,164,4,0
26,2,5,4,0
26,2,6,4,0
26,2,25,4,0
26,2,34,4,0
26,2,36,4,0
26,2,38,4,0
26,2,45,1,1
26,2,63,4,0
26,2,66,4,0
26,2,69,4,0
26,2,84,1,1
26,2,85,4,0
26,2,86,1,1
26,2,86,4,0
26,2,87,4,0
26,2,92,4,0
26,2,99,4,0
26,2,102,4,0
26,2,104,4,0
26,2,115,4,0
26,2,117,4,0
26,2,129,4,0
26,2,130,4,0
26,2,148,4,0
26,2,156,4,0
26,2,164,4,0
27,2,10,1,1
27,2,14,4,0
27,2,15,4,0
27,2,28,1,10
27,2,34,4,0
27,2,36,4,0
27,2,38,4,0
27,2,40,1,24
27,2,66,4,0
27,2,69,4,0
27,2,70,4,0
27,2,89,4,0
27,2,90,4,0
27,2,91,4,0
27,2,92,4,0
27,2,99,4,0
27,2,102,4,0
27,2,104,4,0
27,2,117,4,0
27,2,129,1,31
27,2,129,4,0
27,2,130,4,0
27,2,154,1,38
27,2,156,4,0
27,2,157,4,0
27,2,163,1,17
27,2,164,4,0
28,2,10,1,1
28,2,14,4,0
28,2,15,4,0
28,2,28,1,1
28,2,28,1,10
28,2,34,4,0
28,2,36,4,0
28,2,38,4,0
28,2,40,1,27
28,2,63,4,0
28,2,66,4,0
28,2,69,4,0
28,2,70,4,0
28,2,89,4,0
28,2,90,4,0
28,2,91,4,0
28,2,92,4,0
28,2,99,4,0
28,2,102,4,0
28,2,104,4,0
28,2,117,4,0
28,2,129,1,36
28,2,129,4,0
28,2,130,4,0
28,2,154,1,47
28,2,156,4,0
28,2,157,4,0
28,2,163,1,17
28,2,164,4,0
29,2,10,1,8
29,2,24,1,12
29,2,33,1,1
29,2,34,4,0
29,2,36,4,0
29,2,38,4,0
29,2,39,1,23
29,2,40,1,17
29,2,44,1,30
29,2,45,1,1
29,2,59,4,0
29,2,85,4,0
29,2,87,4,0
29,2,92,4,0
29,2,99,4,0
29,2,102,4,0
29,2,104,4,0
29,2,115,4,0
29,2,117,4,0
29,2,130,4,0
29,2,154,1,38
29,2,156,4,0
29,2,164,4,0
30,2,10,1,1
30,2,10,1,8
30,2,24,1,12
30,2,32,4,0
30,2,33,1,1
30,2,34,4,0
30,2,36,4,0
30,2,38,4,0
30,2,39,1,27
30,2,40,1,19
30,2,44,1,36
30,2,45,1,1
30,2,55,4,0
30,2,58,4,0
30,2,59,4,0
30,2,61,4,0
30,2,85,4,0
30,2,87,4,0
30,2,92,4,0
30,2,99,4,0
30,2,102,4,0
30,2,104,4,0
30,2,115,4,0
30,2,117,4,0
30,2,130,4,0
30,2,154,1,46
30,2,156,4,0
30,2,164,4,0
31,2,5,4,0
31,2,6,4,0
31,2,10,1,1
31,2,10,1,8
31,2,24,1,12
31,2,25,4,0
31,2,32,4,0
31,2,33,1,1
31,2,34,1,1
31,2,34,1,23
31,2,34,4,0
31,2,36,4,0
31,2,38,4,0
31,2,39,1,1
31,2,55,4,0
31,2,57,4,0
31,2,58,4,0
31,2,59,4,0
31,2,61,4,0
31,2,63,4,0
31,2,66,4,0
31,2,68,4,0
31,2,69,4,0
31,2,70,4,0
31,2,85,4,0
31,2,87,4,0
31,2,89,4,0
31,2,90,4,0
31,2,92,4,0
31,2,99,4,0
31,2,102,4,0
31,2,104,4,0
31,2,115,4,0
31,2,117,4,0
31,2,126,4,0
31,2,130,4,0
31,2,156,4,0
31,2,157,4,0
31,2,164,4,0
32,2,24,1,12
32,2,30,1,8
32,2,31,1,30
32,2,32,1,38
32,2,32,4,0
32,2,33,1,1
32,2,34,4,0
32,2,36,4,0
32,2,38,4,0
32,2,40,1,17
32,2,43,1,1
32,2,59,4,0
32,2,85,4,0
32,2,87,4,0
32,2,92,4,0
32,2,99,4,0
32,2,102,4,0
32,2,104,4,0
32,2,115,4,0
32,2,116,1,23
32,2,117,4,0
32,2,130,4,0
32,2,156,4,0
32,2,164,4,0
33,2,24,1,12
33,2,30,1,1
33,2,30,1,8
33,2,31,1,36
33,2,32,1,46
33,2,32,4,0
33,2,33,1,1
33,2,34,4,0
33,2,36,4,0
33,2,38,4,0
33,2,40,1,19
33,2,43,1,1
33,2,55,4,0
33,2,58,4,0
33,2,59,4,0
33,2,61,4,0
33,2,85,4,0
33,2,87,4,0
33,2,92,4,0
33,2,99,4,0
33,2,102,4,0
33,2,104,4,0
33,2,115,4,0
33,2,116,1,27
33,2,117,4,0
33,2,130,4,0
33,2,156,4,0
33,2,164,4,0
34,2,5,4,0
34,2,6,4,0
34,2,24,1,12
34,2,25,4,0
34,2,30,1,1
34,2,30,1,8
34,2,32,4,0
34,2,33,1,1
34,2,34,4,0
34,2,36,4,0
34,2,37,1,1
34,2,37,1,23
34,2,38,4,0
34,2,40,1,1
34,2,55,4,0
34,2,57,4,0
34,2,58,4,0
34,2,59,4,0
34,2,61,4,0
34,2,63,4,0
34,2,66,4,0
34,2,68,4,0
34,2,69,4,0
34,2,70,4,0
34,2,85,4,0
34,2,87,4,0
34,2,89,4,0
34,2,90,4,0
34,2,92,4,0
34,2,99,4,0
34,2,102,4,0
34,2,104,4,0
34,2,115,4,0
34,2,117,4,0
34,2,126,4,0
34,2,130,4,0
34,2,156,4,0
34,2,157,4,0
34,2,164,4,0
35,2,1,1,1
35,2,3,1,18
35,2,5,4,0
35,2,25,4,0
35,2,34,4,0
35,2,36,4,0
35,2,38,4,0
35,2,45,1,1
35,2,47,1,13
35,2,55,4,0
35,2,58,4,0
35,2,59,4,0
35,2,61,4,0
35,2,66,4,0
35,2,68,4,0
35,2,69,4,0
35,2,70,4,0
35,2,76,4,0
35,2,85,4,0
35,2,86,4,0
35,2,87,4,0
35,2,92,4,0
35,2,94,4,0
35,2,99,4,0
35,2,100,4,0
35,2,102,4,0
35,2,104,4,0
35,2,107,1,24
35,2,111,1,39
35,2,113,1,48
35,2,115,4,0
35,2,117,4,0
35,2,118,1,31
35,2,118,4,0
35,2,126,4,0
35,2,130,4,0
35,2,148,4,0
35,2,149,4,0
35,2,156,4,0
35,2,161,4,0
35,2,164,4,0
36,2,3,1,1
36,2,5,4,0
36,2,25,4,0
36,2,34,4,0
36,2,36,4,0
36,2,38,4,0
36,2,47,1,1
36,2,55,4,0
36,2,58,4,0
36,2,59,4,0
36,2,61,4,0
36,2,63,4,0
36,2,66,4,0
36,2,68,4,0
36,2,69,4,0
36,2,70,4,0
36,2,76,4,0
36,2,85,4,0
36,2,86,4,0
36,2,87,4,0
36,2,92,4,0
36,2,94,4,0
36,2,99,4,0
36,2,100,4,0
36,2,102,4,0
36,2,104,4,0
36,2,107,1,1
36,2,115,4,0
36,2,117,4,0
36,2,118,1,1
36,2,118,4,0
36,2,126,4,0
36,2,130,4,0
36,2,148,4,0
36,2,149,4,0
36,2,156,4,0
36,2,161,4,0
36,2,164,4,0
37,2,34,4,0
37,2,36,4,0
37,2,38,4,0
37,2,39,1,1
37,2,46,1,21
37,2,52,1,1
37,2,53,1,35
37,2,83,1,42
37,2,91,4,0
37,2,92,4,0
37,2,98,1,16
37,2,99,4,0
37,2,102,4,0
37,2,104,4,0
37,2,109,1,28
37,2,115,4,0
37,2,117,4,0
37,2,126,4,0
37,2,129,4,0
37,2,130,4,0
37,2,156,4,0
37,2,164,4,0
38,2,34,4,0
38,2,36,4,0
38,2,38,4,0
38,2,39,1,1
38,2,46,1,1
38,2,52,1,1
38,2,63,4,0
38,2,91,4,0
38,2,92,4,0
38,2,98,1,1
38,2,99,4,0
38,2,102,4,0
38,2,104,4,0
38,2,115,4,0
38,2,117,4,0
38,2,126,4,0
38,2,129,4,0
38,2,130,4,0
38,2,156,4,0
38,2,164,4,0
39,2,1,1,9
39,2,3,1,24
39,2,5,4,0
39,2,25,4,0
39,2,34,1,34
39,2,34,4,0
39,2,36,4,0
39,2,38,1,39
39,2,38,4,0
39,2,47,1,1
39,2,50,1,14
39,2,55,4,0
39,2,58,4,0
39,2,59,4,0
39,2,61,4,0
39,2,66,4,0
39,2,68,4,0
39,2,69,4,0
39,2,70,4,0
39,2,76,4,0
39,2,85,4,0
39,2,86,4,0
39,2,87,4,0
39,2,92,4,0
39,2,94,4,0
39,2,99,4,0
39,2,100,4,0
39,2,102,4,0
39,2,104,4,0
39,2,111,1,19
39,2,115,4,0
39,2,117,4,0
39,2,126,4,0
39,2,130,4,0
39,2,148,4,0
39,2,149,4,0
39,2,156,1,29
39,2,156,4,0
39,2,161,4,0
39,2,164,4,0
40,2,3,1,1
40,2,5,4,0
40,2,25,4,0
40,2,34,4,0
40,2,36,4,0
40,2,38,4,0
40,2,47,1,1
40,2,50,1,1
40,2,55,4,0
40,2,58,4,0
40,2,59,4,0
40,2,61,4,0
40,2,63,4,0
40,2,66,4,0
40,2,68,4,0
40,2,69,4,0
40,2,70,4,0
40,2,76,4,0
40,2,85,4,0
40,2,86,4,0
40,2,87,4,0
40,2,92,4,0
40,2,94,4,0
40,2,99,4,0
40,2,100,4,0
40,2,102,4,0
40,2,104,4,0
40,2,111,1,1
40,2,115,4,0
40,2,117,4,0
40,2,126,4,0
40,2,130,4,0
40,2,148,4,0
40,2,149,4,0
40,2,156,4,0
40,2,161,4,0
40,2,164,4,0
41,2,13,4,0
41,2,17,1,28
41,2,18,4,0
41,2,36,4,0
41,2,38,4,0
41,2,44,1,15
41,2,48,1,10
41,2,72,4,0
41,2,92,4,0
41,2,99,4,0
41,2,102,4,0
41,2,104,4,0
41,2,109,1,21
41,2,114,1,36
41,2,117,4,0
41,2,129,4,0
41,2,141,1,1
41,2,156,4,0
41,2,164,4,0
42,2,13,4,0
42,2,17,1,32
42,2,18,4,0
42,2,36,4,0
42,2,38,4,0
42,2,44,1,1
42,2,44,1,15
42,2,48,1,10
42,2,63,4,0
42,2,72,4,0
42,2,92,4,0
42,2,99,4,0
42,2,102,4,0
42,2,103,1,1
42,2,104,4,0
42,2,109,1,21
42,2,114,1,43
42,2,117,4,0
42,2,129,4,0
42,2,141,1,1
42,2,156,4,0
42,2,164,4,0
43,2,14,4,0
43,2,15,4,0
43,2,36,4,0
43,2,38,4,0
43,2,51,1,24
43,2,71,1,1
43,2,72,4,0
43,2,76,1,46
43,2,76,4,0
43,2,77,1,15
43,2,78,1,17
43,2,79,1,19
43,2,80,1,33
43,2,92,4,0
43,2,99,4,0
43,2,102,4,0
43,2,104,4,0
43,2,115,4,0
43,2,117,4,0
43,2,156,4,0
43,2,164,4,0
44,2,14,4,0
44,2,15,4,0
44,2,36,4,0
44,2,38,4,0
44,2,51,1,28
44,2,71,1,1
44,2,72,4,0
44,2,76,1,52
44,2,76,4,0
44,2,77,1,1
44,2,77,1,15
44,2,78,1,1
44,2,78,1,17
44,2,79,1,19
44,2,80,1,38
44,2,92,4,0
44,2,99,4,0
44,2,102,4,0
44,2,104,4,0
44,2,115,4,0
44,2,117,4,0
44,2,156,4,0
44,2,164,4,0
45,2,14,4,0
45,2,15,4,0
45,2,34,4,0
45,2,36,4,0
45,2,38,4,0
45,2,51,1,1
45,2,63,4,0
45,2,72,4,0
45,2,76,4,0
45,2,77,1,15
45,2,78,1,1
45,2,78,1,17
45,2,79,1,1
45,2,79,1,19
45,2,80,1,1
45,2,92,4,0
45,2,99,4,0
45,2,102,4,0
45,2,104,4,0
45,2,115,4,0
45,2,117,4,0
45,2,156,4,0
45,2,164,4,0
46,2,10,1,1
46,2,14,4,0
46,2,15,4,0
46,2,34,4,0
46,2,36,4,0
46,2,38,4,0
46,2,72,4,0
46,2,74,1,41
46,2,76,4,0
46,2,78,1,13
46,2,91,4,0
46,2,92,4,0
46,2,99,4,0
46,2,102,4,0
46,2,104,4,0
46,2,115,4,0
46,2,117,4,0
46,2,130,4,0
46,2,141,1,20
46,2,147,1,27
46,2,156,4,0
46,2,163,1,34
46,2,164,4,0
47,2,10,1,1
47,2,14,4,0
47,2,15,4,0
47,2,34,4,0
47,2,36,4,0
47,2,38,4,0
47,2,63,4,0
47,2,72,4,0
47,2,74,1,48
47,2,76,4,0
47,2,78,1,1
47,2,78,1,13
47,2,91,4,0
47,2,92,4,0
47,2,99,4,0
47,2,102,4,0
47,2,104,4,0
47,2,115,4,0
47,2,117,4,0
47,2,130,4,0
47,2,141,1,1
47,2,141,1,20
47,2,147,1,30
47,2,156,4,0
47,2,163,1,39
47,2,164,4,0
48,2,33,1,1
48,2,36,4,0
48,2,38,4,0
48,2,48,1,11
48,2,50,1,1
48,2,60,1,35
48,2,72,4,0
48,2,76,4,0
48,2,77,1,22
48,2,78,1,30
48,2,79,1,38
48,2,92,4,0
48,2,93,1,19
48,2,94,1,43
48,2,94,4,0
48,2,99,4,0
48,2,102,4,0
48,2,104,4,0
48,2,115,4,0
48,2,117,4,0
48,2,141,1,27
48,2,148,4,0
48,2,149,4,0
48,2,156,4,0
48,2,164,4,0
49,2,13,4,0
49,2,18,4,0
49,2,33,1,1
49,2,36,4,0
49,2,38,4,0
49,2,48,1,1
49,2,50,1,1
49,2,60,1,38
49,2,63,4,0
49,2,72,4,0
49,2,76,4,0
49,2,77,1,22
49,2,78,1,30
49,2,79,1,43
49,2,92,4,0
49,2,93,1,1
49,2,94,1,50
49,2,94,4,0
49,2,99,4,0
49,2,100,4,0
49,2,102,4,0
49,2,104,4,0
49,2,115,4,0
49,2,117,4,0
49,2,129,4,0
49,2,141,1,27
49,2,148,4,0
49,2,149,4,0
49,2,156,4,0
49,2,164,4,0
50,2,10,1,1
50,2,15,4,0
50,2,28,1,24
50,2,34,4,0
50,2,36,4,0
50,2,38,4,0
50,2,45,1,15
50,2,89,1,40
50,2,89,4,0
50,2,90,4,0
50,2,91,1,19
50,2,91,4,0
50,2,92,4,0
50,2,99,4,0
50,2,102,4,0
50,2,104,4,0
50,2,117,4,0
50,2,156,4,0
50,2,157,4,0
50,2,163,1,31
50,2,164,4,0
51,2,10,1,1
51,2,15,4,0
51,2,28,1,24
51,2,34,4,0
51,2,36,4,0
51,2,38,4,0
51,2,45,1,1
51,2,45,1,15
51,2,63,4,0
51,2,89,1,47
51,2,89,4,0
51,2,90,4,0
51,2,91,1,1
51,2,91,1,19
51,2,91,4,0
51,2,92,4,0
51,2,99,4,0
51,2,102,4,0
51,2,104,4,0
51,2,117,4,0
51,2,156,4,0
51,2,157,4,0
51,2,163,1,35
51,2,164,4,0
52,2,6,1,17
52,2,6,4,0
52,2,10,1,1
52,2,34,4,0
52,2,36,4,0
52,2,38,4,0
52,2,44,1,12
52,2,45,1,1
52,2,55,4,0
52,2,61,4,0
52,2,85,4,0
52,2,87,4,0
52,2,92,4,0
52,2,99,4,0
52,2,102,4,0
52,2,103,1,24
52,2,104,4,0
52,2,117,4,0
52,2,129,4,0
52,2,130,4,0
52,2,154,1,33
52,2,156,4,0
52,2,163,1,44
52,2,164,4,0
53,2,6,1,17
53,2,6,4,0
53,2,10,1,1
53,2,34,4,0
53,2,36,4,0
53,2,38,4,0
53,2,44,1,1
53,2,44,1,12
53,2,45,1,1
53,2,55,4,0
53,2,61,4,0
53,2,63,4,0
53,2,85,4,0
53,2,87,4,0
53,2,92,4,0
53,2,99,4,0
53,2,102,4,0
53,2,103,1,1
53,2,103,1,24
53,2,104,4,0
53,2,117,4,0
53,2,129,4,0
53,2,130,4,0
53,2,154,1,37
53,2,156,4,0
53,2,163,1,51
53,2,164,4,0
54,2,5,4,0
54,2,6,4,0
54,2,10,1,1
54,2,25,4,0
54,2,34,4,0
54,2,36,4,0
54,2,38,4,0
54,2,39,1,28
54,2,50,1,31
54,2,55,4,0
54,2,56,1,52
54,2,57,4,0
54,2,58,4,0
54,2,59,4,0
54,2,61,4,0
54,2,66,4,0
54,2,68,4,0
54,2,69,4,0
54,2,70,4,0
54,2,91,4,0
54,2,92,4,0
54,2,93,1,36
54,2,99,4,0
54,2,102,4,0
54,2,104,4,0
54,2,117,4,0
54,2,129,4,0
54,2,130,4,0
54,2,154,1,43
54,2,156,4,0
54,2,164,4,0
55,2,5,4,0
55,2,6,4,0
55,2,10,1,1
55,2,25,4,0
55,2,34,4,0
55,2,36,4,0
55,2,38,4,0
55,2,39,1,1
55,2,39,1,28
55,2,50,1,1
55,2,50,1,31
55,2,55,4,0
55,2,56,1,59
55,2,57,4,0
55,2,58,4,0
55,2,59,4,0
55,2,61,4,0
55,2,63,4,0
55,2,66,4,0
55,2,68,4,0
55,2,69,4,0
55,2,70,4,0
55,2,91,4,0
55,2,92,4,0
55,2,93,1,39
55,2,99,4,0
55,2,102,4,0
55,2,104,4,0
55,2,117,4,0
55,2,129,4,0
55,2,130,4,0
55,2,154,1,48
55,2,156,4,0
55,2,164,4,0
56,2,2,1,15
56,2,5,4,0
56,2,6,4,0
56,2,10,1,1
56,2,25,4,0
56,2,34,4,0
56,2,36,4,0
56,2,37,1,39
56,2,38,4,0
56,2,43,1,1
56,2,66,4,0
56,2,67,1,9
56,2,68,4,0
56,2,69,1,33
56,2,69,4,0
56,2,70,4,0
56,2,85,4,0
56,2,87,4,0
56,2,91,4,0
56,2,92,4,0
56,2,99,4,0
56,2,102,4,0
56,2,103,1,45
56,2,104,4,0
56,2,116,1,27
56,2,117,4,0
56,2,118,4,0
56,2,129,4,0
56,2,130,4,0
56,2,154,1,21
56,2,156,4,0
56,2,157,4,0
56,2,164,4,0
57,2,2,1,1
57,2,2,1,15
57,2,5,4,0
57,2,6,4,0
57,2,10,1,1
57,2,25,4,0
57,2,34,4,0
57,2,36,4,0
57,2,37,1,46
57,2,38,4,0
57,2,43,1,1
57,2,63,4,0
57,2,66,4,0
57,2,67,1,1
57,2,67,1,9
57,2,68,4,0
57,2,69,1,37
57,2,69,4,0
57,2,70,4,0
57,2,85,4,0
57,2,87,4,0
57,2,91,4,0
57,2,92,4,0
57,2,99,1,28
57,2,99,4,0
57,2,102,4,0
57,2,103,1,45
57,2,104,4,0
57,2,116,1,27
57,2,117,4,0
57,2,118,4,0
57,2,129,4,0
57,2,130,4,0
57,2,154,1,21
57,2,156,4,0
57,2,157,4,0
57,2,164,4,0
58,2,34,4,0
58,2,36,1,30
58,2,36,4,0
58,2,38,4,0
58,2,43,1,23
58,2,44,1,1
58,2,46,1,1
58,2,52,1,18
58,2,53,1,50
58,2,82,4,0
58,2,91,4,0
58,2,92,4,0
58,2,97,1,39
58,2,99,4,0
58,2,102,4,0
58,2,104,4,0
58,2,115,4,0
58,2,117,4,0
58,2,126,4,0
58,2,129,4,0
58,2,130,4,0
58,2,156,4,0
58,2,164,4,0
59,2,34,4,0
59,2,36,1,1
59,2,36,4,0
59,2,38,4,0
59,2,43,1,1
59,2,46,1,1
59,2,52,1,1
59,2,63,4,0
59,2,82,4,0
59,2,91,4,0
59,2,92,4,0
59,2,99,4,0
59,2,100,4,0
59,2,102,4,0
59,2,104,4,0
59,2,115,4,0
59,2,117,4,0
59,2,126,4,0
59,2,129,4,0
59,2,130,4,0
59,2,156,4,0
59,2,164,4,0
60,2,3,1,25
60,2,34,1,31
60,2,34,4,0
60,2,36,4,0
60,2,38,4,0
60,2,55,1,19
60,2,55,4,0
60,2,56,1,45
60,2,57,4,0
60,2,58,4,0
60,2,59,4,0
60,2,61,4,0
60,2,92,4,0
60,2,94,4,0
60,2,95,1,16
60,2,99,4,0
60,2,102,4,0
60,2,104,4,0
60,2,117,4,0
60,2,130,4,0
60,2,133,1,38
60,2,145,1,1
60,2,149,4,0
60,2,156,4,0
60,2,164,4,0
61,2,3,1,26
61,2,5,4,0
61,2,25,4,0
61,2,34,1,33
61,2,34,4,0
61,2,36,4,0
61,2,38,4,0
61,2,55,1,1
61,2,55,1,19
61,2,55,4,0
61,2,56,1,49
61,2,57,4,0
61,2,58,4,0
61,2,59,4,0
61,2,61,4,0
61,2,66,4,0
61,2,68,4,0
61,2,69,4,0
61,2,70,4,0
61,2,89,4,0
61,2,90,4,0
61,2,92,4,0
61,2,94,4,0
61,2,95,1,1
61,2,95,1,16
61,2,99,4,0
61,2,102,4,0
61,2,104,4,0
61,2,117,4,0
61,2,118,4,0
61,2,130,4,0
61,2,133,1,41
61,2,145,1,1
61,2,149,4,0
61,2,156,4,0
61,2,164,4,0
62,2,3,1,1
62,2,5,4,0
62,2,25,4,0
62,2,34,1,1
62,2,34,4,0
62,2,36,4,0
62,2,38,4,0
62,2,55,1,1
62,2,55,1,19
62,2,55,4,0
62,2,57,4,0
62,2,58,4,0
62,2,59,4,0
62,2,61,4,0
62,2,63,4,0
62,2,66,4,0
62,2,68,4,0
62,2,69,4,0
62,2,70,4,0
62,2,89,4,0
62,2,90,4,0
62,2,92,4,0
62,2,94,4,0
62,2,95,1,1
62,2,95,1,16
62,2,99,4,0
62,2,102,4,0
62,2,104,4,0
62,2,117,4,0
62,2,118,4,0
62,2,130,4,0
62,2,149,4,0
62,2,156,4,0
62,2,164,4,0
63,2,5,4,0
63,2,25,4,0
63,2,34,4,0
63,2,36,4,0
63,2,38,4,0
63,2,66,4,0
63,2,68,4,0
63,2,69,4,0
63,2,86,4,0
63,2,92,4,0
63,2,94,4,0
63,2,99,4,0
63,2,100,1,1
63,2,100,4,0
63,2,102,4,0
63,2,104,4,0
63,2,115,4,0
63,2,117,4,0
63,2,118,4,0
63,2,130,4,0
63,2,148,4,0
63,2,149,4,0
63,2,156,4,0
63,2,161,4,0
63,2,164,4,0
64,2,5,4,0
64,2,25,4,0
64,2,34,4,0
64,2,36,4,0
64,2,38,4,0
64,2,50,1,20
64,2,60,1,27
64,2,66,4,0
64,2,68,4,0
64,2,69,4,0
64,2,86,4,0
64,2,91,4,0
64,2,92,4,0
64,2,93,1,16
64,2,94,1,38
64,2,94,4,0
64,2,99,4,0
64,2,100,1,1
64,2,100,4,0
64,2,102,4,0
64,2,104,4,0
64,2,105,1,31
64,2,115,1,42
64,2,115,4,0
64,2,117,4,0
64,2,118,4,0
64,2,130,4,0
64,2,134,1,1
64,2,148,4,0
64,2,149,4,0
64,2,156,4,0
64,2,161,4,0
64,2,164,4,0
65,2,5,4,0
65,2,25,4,0
65,2,34,4,0
65,2,36,4,0
65,2,38,4,0
65,2,50,1,20
65,2,60,1,27
65,2,63,4,0
65,2,66,4,0
65,2,68,4,0
65,2,69,4,0
65,2,86,4,0
65,2,91,4,0
65,2,92,4,0
65,2,93,1,16
65,2,94,1,38
65,2,94,4,0
65,2,99,4,0
65,2,100,1,1
65,2,100,4,0
65,2,102,4,0
65,2,104,4,0
65,2,105,1,31
65,2,115,1,42
65,2,115,4,0
65,2,117,4,0
65,2,118,4,0
65,2,130,4,0
65,2,134,1,1
65,2,148,4,0
65,2,149,4,0
65,2,156,4,0
65,2,161,4,0
65,2,164,4,0
66,2,2,1,1
66,2,5,4,0
66,2,25,4,0
66,2,34,4,0
66,2,36,4,0
66,2,38,4,0
66,2,43,1,25
66,2,66,1,46
66,2,66,4,0
66,2,67,1,20
66,2,68,4,0
66,2,69,1,39
66,2,69,4,0
66,2,70,4,0
66,2,89,4,0
66,2,90,4,0
66,2,91,4,0
66,2,92,4,0
66,2,99,4,0
66,2,102,4,0
66,2,104,4,0
66,2,116,1,32
66,2,117,4,0
66,2,118,4,0
66,2,126,4,0
66,2,130,4,0
66,2,156,4,0
66,2,157,4,0
66,2,164,4,0
67,2,2,1,1
67,2,5,4,0
67,2,25,4,0
67,2,34,4,0
67,2,36,4,0
67,2,38,4,0
67,2,43,1,1
67,2,43,1,25
67,2,66,1,52
67,2,66,4,0
67,2,67,1,1
67,2,67,1,20
67,2,68,4,0
67,2,69,1,44
67,2,69,4,0
67,2,70,4,0
67,2,89,4,0
67,2,90,4,0
67,2,91,4,0
67,2,92,4,0
67,2,99,4,0
67,2,102,4,0
67,2,104,4,0
67,2,116,1,36
67,2,117,4,0
67,2,118,4,0
67,2,126,4,0
67,2,130,4,0
67,2,156,4,0
67,2,157,4,0
67,2,164,4,0
68,2,2,1,1
68,2,5,4,0
68,2,25,4,0
68,2,34,4,0
68,2,36,4,0
68,2,38,4,0
68,2,43,1,1
68,2,43,1,25
68,2,63,4,0
68,2,66,1,52
68,2,66,4,0
68,2,67,1,1
68,2,67,1,20
68,2,68,4,0
68,2,69,1,44
68,2,69,4,0
68,2,70,4,0
68,2,89,4,0
68,2,90,4,0
68,2,91,4,0
68,2,92,4,0
68,2,99,4,0
68,2,102,4,0
68,2,104,4,0
68,2,116,1,36
68,2,117,4,0
68,2,118,4,0
68,2,126,4,0
68,2,130,4,0
68,2,156,4,0
68,2,157,4,0
68,2,164,4,0
69,2,14,4,0
69,2,15,4,0
69,2,21,1,42
69,2,22,1,1
69,2,35,1,13
69,2,36,4,0
69,2,38,4,0
69,2,51,1,26
69,2,72,4,0
69,2,74,1,1
69,2,75,1,33
69,2,76,4,0
69,2,77,1,15
69,2,78,1,21
69,2,79,1,18
69,2,92,4,0
69,2,99,4,0
69,2,102,4,0
69,2,104,4,0
69,2,115,4,0
69,2,117,4,0
69,2,156,4,0
69,2,164,4,0
70,2,14,4,0
70,2,15,4,0
70,2,21,1,49
70,2,22,1,1
70,2,35,1,1
70,2,35,1,13
70,2,36,4,0
70,2,38,4,0
70,2,51,1,29
70,2,72,4,0
70,2,74,1,1
70,2,75,1,38
70,2,76,4,0
70,2,77,1,15
70,2,78,1,23
70,2,79,1,18
70,2,92,4,0
70,2,99,4,0
70,2,102,4,0
70,2,104,4,0
70,2,115,4,0
70,2,117,4,0
70,2,156,4,0
70,2,164,4,0
71,2,14,4,0
71,2,15,4,0
71,2,34,4,0
71,2,35,1,13
71,2,36,4,0
71,2,38,4,0
71,2,51,1,1
71,2,63,4,0
71,2,72,4,0
71,2,75,1,1
71,2,76,4,0
71,2,77,1,15
71,2,78,1,1
71,2,79,1,1
71,2,79,1,18
71,2,92,4,0
71,2,99,4,0
71,2,102,4,0
71,2,104,4,0
71,2,115,4,0
71,2,117,4,0
71,2,156,4,0
71,2,164,4,0
72,2,14,4,0
72,2,15,4,0
72,2,35,1,13
72,2,36,4,0
72,2,38,4,0
72,2,40,1,18
72,2,48,1,7
72,2,51,1,1
72,2,55,1,22
72,2,55,4,0
72,2,56,1,48
72,2,57,4,0
72,2,58,4,0
72,2,59,4,0
72,2,61,4,0
72,2,72,4,0
72,2,92,4,0
72,2,99,4,0
72,2,102,4,0
72,2,103,1,40
72,2,104,4,0
72,2,112,1,33
72,2,115,4,0
72,2,117,4,0
72,2,130,4,0
72,2,132,1,27
72,2,156,4,0
72,2,164,4,0
73,2,14,4,0
73,2,15,4,0
73,2,35,1,1
73,2,35,1,13
73,2,36,4,0
73,2,38,4,0
73,2,40,1,18
73,2,48,1,1
73,2,48,1,7
73,2,51,1,1
73,2,55,1,22
73,2,55,4,0
73,2,56,1,50
73,2,57,4,0
73,2,58,4,0
73,2,59,4,0
73,2,61,4,0
73,2,63,4,0
73,2,72,4,0
73,2,92,4,0
73,2,99,4,0
73,2,102,4,0
73,2,103,1,43
73,2,104,4,0
73,2,112,1,35
73,2,115,4,0
73,2,117,4,0
73,2,130,4,0
73,2,132,1,27
73,2,156,4,0
73,2,164,4,0
74,2,5,4,0
74,2,33,1,1
74,2,34,4,0
74,2,36,4,0
74,2,38,4,0
74,2,66,4,0
74,2,68,4,0
74,2,69,4,0
74,2,70,4,0
74,2,88,1,16
74,2,89,1,31
74,2,89,4,0
74,2,90,4,0
74,2,91,4,0
74,2,92,4,0
74,2,99,4,0
74,2,102,4,0
74,2,104,4,0
74,2,106,1,26
74,2,111,1,11
74,2,117,4,0
74,2,118,4,0
74,2,120,1,21
74,2,120,4,0
74,2,126,4,0
74,2,153,1,36
74,2,153,4,0
74,2,156,4,0
74,2,157,4,0
74,2,164,4,0
75,2,5,4,0
75,2,33,1,1
75,2,34,4,0
75,2,36,4,0
75,2,38,4,0
75,2,66,4,0
75,2,68,4,0
75,2,69,4,0
75,2,70,4,0
75,2,88,1,16
75,2,89,1,36
75,2,89,4,0
75,2,90,4,0
75,2,91,4,0
75,2,92,4,0
75,2,99,4,0
75,2,102,4,0
75,2,104,4,0
75,2,106,1,29
75,2,111,1,1
75,2,111,1,11
75,2,117,4,0
75,2,118,4,0
75,2,120,1,21
75,2,120,4,0
75,2,126,4,0
75,2,153,1,43
75,2,153,4,0
75,2,156,4,0
75,2,157,4,0
75,2,164,4,0
76,2,5,4,0
76,2,25,4,0
76,2,33,1,1
76,2,34,4,0
76,2,36,4,0
76,2,38,4,0
76,2,63,4,0
76,2,66,4,0
76,2,68,4,0
76,2,69,4,0
76,2,70,4,0
76,2,88,1,16
76,2,89,1,36
76,2,89,4,0
76,2,90,4,0
76,2,91,4,0
76,2,92,4,0
76,2,99,4,0
76,2,102,4,0
76,2,104,4,0
76,2,106,1,29
76,2,111,1,1
76,2,111,1,11
76,2,117,4,0
76,2,118,4,0
76,2,120,1,21
76,2,120,4,0
76,2,126,4,0
76,2,153,1,43
76,2,153,4,0
76,2,156,4,0
76,2,157,4,0
76,2,164,4,0
77,2,23,1,32
77,2,32,4,0
77,2,34,4,0
77,2,36,1,43
77,2,36,4,0
77,2,38,4,0
77,2,39,1,30
77,2,45,1,35
77,2,52,1,1
77,2,83,1,39
77,2,92,4,0
77,2,97,1,48
77,2,99,4,0
77,2,102,4,0
77,2,104,4,0
77,2,115,4,0
77,2,117,4,0
77,2,126,4,0
77,2,129,4,0
77,2,130,4,0
77,2,156,4,0
77,2,164,4,0
78,2,23,1,1
78,2,23,1,32
78,2,32,4,0
78,2,34,4,0
78,2,36,1,47
78,2,36,4,0
78,2,38,4,0
78,2,39,1,1
78,2,39,1,30
78,2,45,1,1
78,2,45,1,35
78,2,52,1,1
78,2,63,4,0
78,2,83,1,39
78,2,92,4,0
78,2,97,1,55
78,2,99,4,0
78,2,102,4,0
78,2,104,4,0
78,2,115,4,0
78,2,117,4,0
78,2,126,4,0
78,2,129,4,0
78,2,130,4,0
78,2,156,4,0
78,2,164,4,0
79,2,6,4,0
79,2,29,1,22
79,2,34,4,0
79,2,36,4,0
79,2,38,4,0
79,2,45,1,27
79,2,50,1,18
79,2,55,1,33
79,2,55,4,0
79,2,57,4,0
79,2,58,4,0
79,2,59,4,0
79,2,61,4,0
79,2,70,4,0
79,2,86,4,0
79,2,89,4,0
79,2,90,4,0
79,2,91,4,0
79,2,92,4,0
79,2,93,1,1
79,2,94,1,48
79,2,94,4,0
79,2,99,4,0
79,2,100,4,0
79,2,102,4,0
79,2,104,4,0
79,2,115,4,0
79,2,117,4,0
79,2,126,4,0
79,2,129,4,0
79,2,130,4,0
79,2,133,1,40
79,2,148,4,0
79,2,149,4,0
79,2,156,4,0
79,2,161,4,0
79,2,164,4,0
80,2,5,4,0
80,2,6,4,0
80,2,25,4,0
80,2,29,1,1
80,2,29,1,22
80,2,34,4,0
80,2,36,4,0
80,2,38,4,0
80,2,45,1,27
80,2,50,1,1
80,2,50,1,18
80,2,55,1,33
80,2,55,4,0
80,2,57,4,0
80,2,58,4,0
80,2,59,4,0
80,2,61,4,0
80,2,63,4,0
80,2,66,4,0
80,2,68,4,0
80,2,69,4,0
80,2,70,4,0
80,2,86,4,0
80,2,89,4,0
80,2,90,4,0
80,2,91,4,0
80,2,92,4,0
80,2,93,1,1
80,2,94,1,55
80,2,94,4,0
80,2,99,4,0
80,2,100,4,0
80,2,102,4,0
80,2,104,4,0
80,2,110,1,37
80,2,115,4,0
80,2,117,4,0
80,2,126,4,0
80,2,129,4,0
80,2,130,4,0
80,2,133,1,44
80,2,148,4,0
80,2,149,4,0
80,2,156,4,0
80,2,161,4,0
80,2,164,4,0
81,2,33,1,1
81,2,36,4,0
81,2,38,4,0
81,2,48,1,29
81,2,49,1,21
81,2,84,1,25
81,2,85,4,0
81,2,86,1,35
81,2,86,4,0
81,2,87,4,0
81,2,92,4,0
81,2,99,4,0
81,2,100,4,0
81,2,102,4,0
81,2,103,1,47
81,2,104,4,0
81,2,115,4,0
81,2,117,4,0
81,2,129,1,41
81,2,129,4,0
81,2,148,4,0
81,2,156,4,0
81,2,164,4,0
82,2,33,1,1
82,2,36,4,0
82,2,38,4,0
82,2,48,1,29
82,2,49,1,1
82,2,49,1,21
82,2,63,4,0
82,2,84,1,1
82,2,84,1,25
82,2,85,4,0
82,2,86,1,38
82,2,86,4,0
82,2,87,4,0
82,2,92,4,0
82,2,99,4,0
82,2,100,4,0
82,2,102,4,0
82,2,103,1,54
82,2,104,4,0
82,2,115,4,0
82,2,117,4,0
82,2,129,1,46
82,2,129,4,0
82,2,148,4,0
82,2,156,4,0
82,2,164,4,0
83,2,13,4,0
83,2,14,1,23
83,2,14,4,0
83,2,15,4,0
83,2,18,4,0
83,2,19,4,0
83,2,28,1,1
83,2,31,1,15
83,2,34,4,0
83,2,36,4,0
83,2,38,4,0
83,2,43,1,7
83,2,64,1,1
83,2,92,4,0
83,2,97,1,31
83,2,99,4,0
83,2,102,4,0
83,2,104,4,0
83,2,115,4,0
83,2,117,4,0
83,2,129,4,0
83,2,130,4,0
83,2,156,4,0
83,2,163,1,39
83,2,164,4,0
84,2,18,4,0
84,2,19,4,0
84,2,31,1,24
84,2,34,4,0
84,2,36,4,0
84,2,38,4,0
84,2,45,1,20
84,2,64,1,1
84,2,65,1,30
84,2,92,4,0
84,2,97,1,44
84,2,99,1,36
84,2,99,4,0
84,2,102,4,0
84,2,104,4,0
84,2,115,4,0
84,2,117,4,0
84,2,130,4,0
84,2,143,4,0
84,2,156,4,0
84,2,161,1,40
84,2,161,4,0
84,2,164,4,0
85,2,18,4,0
85,2,19,4,0
85,2,31,1,1
85,2,31,1,24
85,2,34,4,0
85,2,36,4,0
85,2,38,4,0
85,2,45,1,1
85,2,45,1,20
85,2,63,4,0
85,2,64,1,1
85,2,65,1,30
85,2,92,4,0
85,2,97,1,51
85,2,99,1,39
85,2,99,4,0
85,2,102,4,0
85,2,104,4,0
85,2,115,4,0
85,2,117,4,0
85,2,130,4,0
85,2,143,4,0
85,2,156,4,0
85,2,161,1,45
85,2,161,4,0
85,2,164,4,0
86,2,6,4,0
86,2,29,1,1
86,2,32,4,0
86,2,34,4,0
86,2,36,1,45
86,2,36,4,0
86,2,38,4,0
86,2,45,1,30
86,2,55,4,0
86,2,57,4,0
86,2,58,1,50
86,2,58,4,0
86,2,59,4,0
86,2,61,4,0
86,2,62,1,35
86,2,70,4,0
86,2,92,4,0
86,2,99,4,0
86,2,102,4,0
86,2,104,4,0
86,2,117,4,0
86,2,130,4,0
86,2,156,1,40
86,2,156,4,0
86,2,164,4,0
87,2,6,4,0
87,2,29,1,1
87,2,32,4,0
87,2,34,4,0
87,2,36,1,50
87,2,36,4,0
87,2,38,4,0
87,2,45,1,1
87,2,45,1,30
87,2,55,4,0
87,2,57,4,0
87,2,58,1,56
87,2,58,4,0
87,2,59,4,0
87,2,61,4,0
87,2,62,1,1
87,2,62,1,35
87,2,63,4,0
87,2,70,4,0
87,2,92,4,0
87,2,99,4,0
87,2,102,4,0
87,2,104,4,0
87,2,117,4,0
87,2,130,4,0
87,2,156,1,44
87,2,156,4,0
87,2,164,4,0
88,2,1,1,1
88,2,34,4,0
88,2,50,1,1
88,2,72,4,0
88,2,85,4,0
88,2,87,4,0
88,2,92,4,0
88,2,99,4,0
88,2,102,4,0
88,2,103,1,48
88,2,104,4,0
88,2,106,1,42
88,2,107,1,33
88,2,117,4,0
88,2,120,4,0
88,2,124,1,37
88,2,126,4,0
88,2,139,1,30
88,2,151,1,55
88,2,153,4,0
88,2,156,4,0
88,2,164,4,0
89,2,1,1,1
89,2,34,4,0
89,2,50,1,1
89,2,63,4,0
89,2,72,4,0
89,2,85,4,0
89,2,87,4,0
89,2,92,4,0
89,2,99,4,0
89,2,102,4,0
89,2,103,1,53
89,2,104,4,0
89,2,106,1,45
89,2,107,1,33
89,2,117,4,0
89,2,120,4,0
89,2,124,1,37
89,2,126,4,0
89,2,139,1,1
89,2,139,1,30
89,2,151,1,60
89,2,153,4,0
89,2,156,4,0
89,2,164,4,0
90,2,33,1,1
90,2,36,4,0
90,2,38,4,0
90,2,43,1,39
90,2,48,1,18
90,2,55,4,0
90,2,57,4,0
90,2,58,1,50
90,2,58,4,0
90,2,59,4,0
90,2,61,4,0
90,2,62,1,30
90,2,92,4,0
90,2,99,4,0
90,2,100,4,0
90,2,102,4,0
90,2,104,4,0
90,2,110,1,1
90,2,115,4,0
90,2,117,4,0
90,2,120,4,0
90,2,128,1,23
90,2,129,4,0
90,2,153,4,0
90,2,156,4,0
90,2,161,4,0
90,2,164,4,0
91,2,36,4,0
91,2,38,4,0
91,2,48,1,1
91,2,55,4,0
91,2,57,4,0
91,2,58,4,0
91,2,59,4,0
91,2,61,4,0
91,2,62,1,1
91,2,63,4,0
91,2,92,4,0
91,2,99,4,0
91,2,100,4,0
91,2,102,4,0
91,2,104,4,0
91,2,110,1,1
91,2,115,4,0
91,2,117,4,0
91,2,120,4,0
91,2,128,1,1
91,2,129,4,0
91,2,131,1,50
91,2,153,4,0
91,2,156,4,0
91,2,161,4,0
91,2,164,4,0
92,2,72,4,0
92,2,85,4,0
92,2,87,4,0
92,2,92,4,0
92,2,94,4,0
92,2,95,1,27
92,2,99,4,0
92,2,101,1,1
92,2,102,4,0
92,2,104,4,0
92,2,109,1,1
92,2,117,4,0
92,2,120,4,0
92,2,122,1,1
92,2,138,1,35
92,2,138,4,0
92,2,149,4,0
92,2,153,4,0
92,2,156,4,0
92,2,164,4,0
93,2,72,4,0
93,2,85,4,0
93,2,87,4,0
93,2,92,4,0
93,2,94,4,0
93,2,95,1,29
93,2,99,4,0
93,2,101,1,1
93,2,102,4,0
93,2,104,4,0
93,2,109,1,1
93,2,117,4,0
93,2,120,4,0
93,2,122,1,1
93,2,138,1,38
93,2,138,4,0
93,2,149,4,0
93,2,153,4,0
93,2,156,4,0
93,2,164,4,0
94,2,5,4,0
94,2,25,4,0
94,2,34,4,0
94,2,36,4,0
94,2,38,4,0
94,2,63,4,0
94,2,66,4,0
94,2,68,4,0
94,2,69,4,0
94,2,70,4,0
94,2,72,4,0
94,2,85,4,0
94,2,87,4,0
94,2,92,4,0
94,2,94,4,0
94,2,95,1,29
94,2,99,4,0
94,2,101,1,1
94,2,102,4,0
94,2,104,4,0
94,2,109,1,1
94,2,117,4,0
94,2,118,4,0
94,2,120,4,0
94,2,122,1,1
94,2,130,4,0
94,2,138,1,38
94,2,138,4,0
94,2,149,4,0
94,2,153,4,0
94,2,156,4,0
94,2,164,4,0
95,2,20,1,15
95,2,21,1,33
95,2,33,1,1
95,2,34,4,0
95,2,36,4,0
95,2,38,4,0
95,2,70,4,0
95,2,88,1,19
95,2,89,4,0
95,2,90,4,0
95,2,91,4,0
95,2,92,4,0
95,2,99,1,25
95,2,99,4,0
95,2,102,4,0
95,2,103,1,1
95,2,104,4,0
95,2,106,1,43
95,2,117,4,0
95,2,120,4,0
95,2,130,4,0
95,2,153,4,0
95,2,156,4,0
95,2,157,4,0
95,2,164,4,0
96,2,1,1,1
96,2,5,4,0
96,2,25,4,0
96,2,29,1,24
96,2,34,4,0
96,2,36,4,0
96,2,38,4,0
96,2,50,1,12
96,2,66,4,0
96,2,68,4,0
96,2,69,4,0
96,2,86,4,0
96,2,92,4,0
96,2,93,1,17
96,2,94,1,32
96,2,94,4,0
96,2,95,1,1
96,2,96,1,37
96,2,99,4,0
96,2,100,4,0
96,2,102,4,0
96,2,104,4,0
96,2,115,4,0
96,2,117,4,0
96,2,118,4,0
96,2,130,4,0
96,2,138,4,0
96,2,139,1,29
96,2,148,4,0
96,2,149,4,0
96,2,156,4,0
96,2,161,4,0
96,2,164,4,0
97,2,1,1,1
97,2,5,4,0
97,2,25,4,0
97,2,29,1,24
97,2,34,4,0
97,2,36,4,0
97,2,38,4,0
97,2,50,1,1
97,2,50,1,12
97,2,63,4,0
97,2,66,4,0
97,2,68,4,0
97,2,69,4,0
97,2,86,4,0
97,2,92,4,0
97,2,93,1,1
97,2,93,1,17
97,2,94,1,37
97,2,94,4,0
97,2,95,1,1
97,2,96,1,43
97,2,99,4,0
97,2,100,4,0
97,2,102,4,0
97,2,104,4,0
97,2,115,4,0
97,2,117,4,0
97,2,118,4,0
97,2,130,4,0
97,2,138,4,0
97,2,139,1,33
97,2,148,4,0
97,2,149,4,0
97,2,156,4,0
97,2,161,4,0
97,2,164,4,0
98,2,11,1,20
98,2,12,1,25
98,2,14,4,0
98,2,15,4,0
98,2,23,1,30
98,2,34,4,0
98,2,36,4,0
98,2,38,4,0
98,2,43,1,1
98,2,55,4,0
98,2,57,4,0
98,2,58,4,0
98,2,59,4,0
98,2,61,4,0
98,2,70,4,0
98,2,92,4,0
98,2,99,4,0
98,2,102,4,0
98,2,104,4,0
98,2,106,1,40
98,2,117,4,0
98,2,145,1,1
98,2,152,1,35
98,2,156,4,0
98,2,164,4,0
99,2,11,1,1
99,2,11,1,20
99,2,12,1,25
99,2,14,4,0
99,2,15,4,0
99,2,23,1,34
99,2,34,4,0
99,2,36,4,0
99,2,38,4,0
99,2,43,1,1
99,2,55,4,0
99,2,57,4,0
99,2,58,4,0
99,2,59,4,0
99,2,61,4,0
99,2,63,4,0
99,2,70,4,0
99,2,92,4,0
99,2,99,4,0
99,2,102,4,0
99,2,104,4,0
99,2,106,1,49
99,2,117,4,0
99,2,145,1,1
99,2,152,1,42
99,2,156,4,0
99,2,164,4,0
100,2,33,1,1
100,2,36,4,0
100,2,49,1,17
100,2,85,4,0
100,2,86,4,0
100,2,87,4,0
100,2,92,4,0
100,2,99,4,0
100,2,100,4,0
100,2,102,4,0
100,2,103,1,1
100,2,104,4,0
100,2,113,1,29
100,2,115,4,0
100,2,117,4,0
100,2,120,1,22
100,2,120,4,0
100,2,129,1,36
100,2,129,4,0
100,2,148,4,0
100,2,153,1,43
100,2,153,4,0
100,2,156,4,0
100,2,164,4,0
101,2,33,1,1
101,2,36,4,0
101,2,49,1,1
101,2,49,1,17
101,2,63,4,0
101,2,85,4,0
101,2,86,4,0
101,2,87,4,0
101,2,92,4,0
101,2,99,4,0
101,2,100,4,0
101,2,102,4,0
101,2,103,1,1
101,2,104,4,0
101,2,113,1,29
101,2,115,4,0
101,2,117,4,0
101,2,120,1,22
101,2,120,4,0
101,2,129,1,40
101,2,129,4,0
101,2,130,4,0
101,2,148,4,0
101,2,153,1,50
101,2,153,4,0
101,2,156,4,0
101,2,164,4,0
102,2,36,4,0
102,2,38,4,0
102,2,73,1,28
102,2,76,1,42
102,2,77,1,37
102,2,78,1,32
102,2,79,1,48
102,2,92,4,0
102,2,94,4,0
102,2,95,1,1
102,2,99,4,0
102,2,100,4,0
102,2,102,4,0
102,2,104,4,0
102,2,115,1,25
102,2,115,4,0
102,2,117,4,0
102,2,120,4,0
102,2,121,4,0
102,2,140,1,1
102,2,149,4,0
102,2,153,4,0
102,2,156,4,0
102,2,164,4,0
103,2,23,1,28
103,2,36,4,0
103,2,38,4,0
103,2,63,4,0
103,2,70,4,0
103,2,72,4,0
103,2,76,4,0
103,2,92,4,0
103,2,94,4,0
103,2,95,1,1
103,2,99,4,0
103,2,100,4,0
103,2,102,4,0
103,2,104,4,0
103,2,115,4,0
103,2,117,4,0
103,2,120,4,0
103,2,121,4,0
103,2,140,1,1
103,2,149,4,0
103,2,153,4,0
103,2,156,4,0
103,2,164,4,0
104,2,5,4,0
104,2,25,4,0
104,2,29,1,18
104,2,34,4,0
104,2,36,4,0
104,2,37,1,38
104,2,38,4,0
104,2,39,1,13
104,2,43,1,25
104,2,45,1,1
104,2,55,4,0
104,2,58,4,0
104,2,59,4,0
104,2,61,4,0
104,2,66,4,0
104,2,68,4,0
104,2,69,4,0
104,2,70,4,0
104,2,89,4,0
104,2,90,4,0
104,2,91,4,0
104,2,92,4,0
104,2,99,1,46
104,2,99,4,0
104,2,102,4,0
104,2,104,4,0
104,2,116,1,31
104,2,117,4,0
104,2,125,1,10
104,2,126,4,0
104,2,130,4,0
104,2,155,1,43
104,2,156,4,0
104,2,164,4,0
105,2,5,4,0
105,2,25,4,0
105,2,29,1,18
105,2,34,4,0
105,2,36,4,0
105,2,37,1,41
105,2,38,4,0
105,2,39,1,1
105,2,39,1,13
105,2,43,1,25
105,2,55,4,0
105,2,58,4,0
105,2,59,4,0
105,2,61,4,0
105,2,63,4,0
105,2,66,4,0
105,2,68,4,0
105,2,69,4,0
105,2,70,4,0
105,2,89,4,0
105,2,90,4,0
105,2,91,4,0
105,2,92,4,0
105,2,99,1,55
105,2,99,4,0
105,2,102,4,0
105,2,104,4,0
105,2,116,1,33
105,2,117,4,0
105,2,125,1,1
105,2,125,1,10
105,2,126,4,0
105,2,130,4,0
105,2,155,1,48
105,2,156,4,0
105,2,164,4,0
106,2,5,4,0
106,2,24,1,1
106,2,25,1,53
106,2,25,4,0
106,2,26,1,38
106,2,27,1,33
106,2,34,4,0
106,2,36,4,0
106,2,38,4,0
106,2,66,4,0
106,2,68,4,0
106,2,69,4,0
106,2,70,4,0
106,2,92,4,0
106,2,96,1,1
106,2,99,4,0
106,2,102,4,0
106,2,104,4,0
106,2,116,1,43
106,2,117,4,0
106,2,118,4,0
106,2,129,4,0
106,2,130,4,0
106,2,136,1,48
106,2,156,4,0
106,2,164,4,0
107,2,4,1,1
107,2,5,1,48
107,2,5,4,0
107,2,7,1,33
107,2,8,1,38
107,2,9,1,43
107,2,25,4,0
107,2,34,4,0
107,2,36,4,0
107,2,38,4,0
107,2,66,4,0
107,2,68,1,53
107,2,68,4,0
107,2,69,4,0
107,2,70,4,0
107,2,92,4,0
107,2,97,1,1
107,2,99,4,0
107,2,102,4,0
107,2,104,4,0
107,2,117,4,0
107,2,118,4,0
107,2,129,4,0
107,2,130,4,0
107,2,156,4,0
107,2,164,4,0
108,2,5,4,0
108,2,14,4,0
108,2,15,4,0
108,2,21,1,31
108,2,23,1,7
108,2,25,4,0
108,2,34,4,0
108,2,35,1,1
108,2,36,4,0
108,2,38,4,0
108,2,48,1,1
108,2,50,1,15
108,2,55,4,0
108,2,57,4,0
108,2,58,4,0
108,2,59,4,0
108,2,61,4,0
108,2,63,4,0
108,2,66,4,0
108,2,68,4,0
108,2,69,4,0
108,2,70,4,0
108,2,85,4,0
108,2,87,4,0
108,2,89,4,0
108,2,90,4,0
108,2,92,4,0
108,2,99,4,0
108,2,102,4,0
108,2,103,1,39
108,2,104,4,0
108,2,111,1,23
108,2,117,4,0
108,2,126,4,0
108,2,130,4,0
108,2,156,4,0
108,2,164,4,0
109,2,33,1,1
109,2,85,4,0
109,2,87,4,0
109,2,92,4,0
109,2,99,4,0
109,2,102,4,0
109,2,104,4,0
109,2,108,1,37
109,2,114,1,45
109,2,117,4,0
109,2,120,1,40
109,2,120,4,0
109,2,123,1,1
109,2,124,1,32
109,2,126,4,0
109,2,153,1,48
109,2,153,4,0
109,2,156,4,0
109,2,164,4,0
110,2,33,1,1
110,2,63,4,0
110,2,85,4,0
110,2,87,4,0
110,2,92,4,0
110,2,99,4,0
110,2,102,4,0
110,2,104,4,0
110,2,108,1,39
110,2,114,1,49
110,2,117,4,0
110,2,120,1,43
110,2,120,4,0
110,2,123,1,1
110,2,124,1,1
110,2,124,1,32
110,2,126,4,0
110,2,153,1,53
110,2,153,4,0
110,2,156,4,0
110,2,164,4,0
111,2,23,1,1
111,2,23,1,30
111,2,30,1,1
111,2,31,1,1
111,2,31,1,40
111,2,32,1,45
111,2,32,4,0
111,2,34,4,0
111,2,36,1,55
111,2,36,4,0
111,2,38,4,0
111,2,39,1,1
111,2,39,1,35
111,2,43,1,50
111,2,70,4,0
111,2,85,4,0
111,2,87,4,0
111,2,89,4,0
111,2,90,4,0
111,2,91,4,0
111,2,92,4,0
111,2,99,4,0
111,2,102,4,0
111,2,104,4,0
111,2,117,4,0
111,2,126,4,0
111,2,130,4,0
111,2,156,4,0
111,2,157,4,0
111,2,164,4,0
112,2,5,4,0
112,2,6,4,0
112,2,23,1,30
112,2,25,4,0
112,2,30,1,1
112,2,31,1,40
112,2,32,1,48
112,2,32,4,0
112,2,34,4,0
112,2,36,1,64
112,2,36,4,0
112,2,38,4,0
112,2,39,1,35
112,2,43,1,55
112,2,55,4,0
112,2,57,4,0
112,2,58,4,0
112,2,59,4,0
112,2,61,4,0
112,2,63,4,0
112,2,66,4,0
112,2,68,4,0
112,2,69,4,0
112,2,70,4,0
112,2,85,4,0
112,2,87,4,0
112,2,89,4,0
112,2,90,4,0
112,2,91,4,0
112,2,92,4,0
112,2,99,4,0
112,2,102,4,0
112,2,104,4,0
112,2,117,4,0
112,2,126,4,0
112,2,130,4,0
112,2,156,4,0
112,2,157,4,0
112,2,164,4,0
113,2,1,1,1
113,2,3,1,12
113,2,5,4,0
113,2,25,4,0
113,2,34,4,0
113,2,36,4,0
113,2,38,1,54
113,2,38,4,0
113,2,39,1,1
113,2,45,1,30
113,2,47,1,24
113,2,55,4,0
113,2,58,4,0
113,2,59,4,0
113,2,61,4,0
113,2,63,4,0
113,2,66,4,0
113,2,68,4,0
113,2,69,4,0
113,2,70,4,0
113,2,76,4,0
113,2,85,4,0
113,2,86,4,0
113,2,87,4,0
113,2,92,4,0
113,2,94,4,0
113,2,99,4,0
113,2,100,4,0
113,2,102,4,0
113,2,104,4,0
113,2,107,1,38
113,2,111,1,44
113,2,113,1,48
113,2,115,4,0
113,2,117,4,0
113,2,118,4,0
113,2,121,4,0
113,2,126,4,0
113,2,130,4,0
113,2,135,4,0
113,2,148,4,0
113,2,149,4,0
113,2,156,4,0
113,2,161,4,0
113,2,164,4,0
114,2,14,4,0
114,2,15,4,0
114,2,20,1,24
114,2,21,1,45
114,2,22,1,29
114,2,34,4,0
114,2,36,4,0
114,2,38,4,0
114,2,63,4,0
114,2,71,1,27
114,2,72,4,0
114,2,74,1,48
114,2,76,4,0
114,2,77,1,32
114,2,78,1,36
114,2,79,1,39
114,2,92,4,0
114,2,99,4,0
114,2,102,4,0
114,2,104,4,0
114,2,117,4,0
114,2,130,4,0
114,2,132,1,1
114,2,156,4,0
114,2,164,4,0
115,2,4,1,1
115,2,5,1,36
115,2,5,4,0
115,2,25,4,0
115,2,34,4,0
115,2,36,4,0
115,2,38,4,0
115,2,39,1,31
115,2,43,1,41
115,2,44,1,26
115,2,55,4,0
115,2,57,4,0
115,2,58,4,0
115,2,59,4,0
115,2,61,4,0
115,2,63,4,0
115,2,66,4,0
115,2,68,4,0
115,2,69,4,0
115,2,70,4,0
115,2,85,4,0
115,2,87,4,0
115,2,89,4,0
115,2,90,4,0
115,2,92,4,0
115,2,99,1,1
115,2,99,4,0
115,2,102,4,0
115,2,104,4,0
115,2,117,4,0
115,2,126,4,0
115,2,130,4,0
115,2,146,1,46
115,2,156,4,0
115,2,157,4,0
115,2,164,4,0
116,2,36,4,0
116,2,38,4,0
116,2,43,1,24
116,2,55,1,30
116,2,55,4,0
116,2,56,1,45
116,2,57,4,0
116,2,58,4,0
116,2,59,4,0
116,2,61,4,0
116,2,92,4,0
116,2,97,1,37
116,2,99,4,0
116,2,102,4,0
116,2,104,4,0
116,2,108,1,19
116,2,117,4,0
116,2,129,4,0
116,2,130,4,0
116,2,145,1,1
116,2,156,4,0
116,2,164,4,0
117,2,36,4,0
117,2,38,4,0
117,2,43,1,24
117,2,55,1,30
117,2,55,4,0
117,2,56,1,52
117,2,57,4,0
117,2,58,4,0
117,2,59,4,0
117,2,61,4,0
117,2,63,4,0
117,2,92,4,0
117,2,97,1,41
117,2,99,4,0
117,2,102,4,0
117,2,104,4,0
117,2,108,1,1
117,2,108,1,19
117,2,117,4,0
117,2,129,4,0
117,2,130,4,0
117,2,145,1,1
117,2,156,4,0
117,2,164,4,0
118,2,30,1,24
118,2,31,1,30
118,2,32,1,45
118,2,32,4,0
118,2,36,4,0
118,2,38,4,0
118,2,39,1,1
118,2,48,1,19
118,2,55,4,0
118,2,57,4,0
118,2,58,4,0
118,2,59,4,0
118,2,61,4,0
118,2,64,1,1
118,2,92,4,0
118,2,97,1,54
118,2,99,4,0
118,2,102,4,0
118,2,104,4,0
118,2,117,4,0
118,2,127,1,37
118,2,129,4,0
118,2,130,4,0
118,2,156,4,0
118,2,164,4,0
119,2,30,1,24
119,2,31,1,30
119,2,32,1,48
119,2,32,4,0
119,2,36,4,0
119,2,38,4,0
119,2,39,1,1
119,2,48,1,1
119,2,48,1,19
119,2,55,4,0
119,2,57,4,0
119,2,58,4,0
119,2,59,4,0
119,2,61,4,0
119,2,63,4,0
119,2,64,1,1
119,2,92,4,0
119,2,97,1,54
119,2,99,4,0
119,2,102,4,0
119,2,104,4,0
119,2,117,4,0
119,2,127,1,39
119,2,129,4,0
119,2,130,4,0
119,2,156,4,0
119,2,164,4,0
120,2,33,1,1
120,2,36,4,0
120,2,38,4,0
120,2,55,1,17
120,2,55,4,0
120,2,56,1,47
120,2,57,4,0
120,2,58,4,0
120,2,59,4,0
120,2,61,4,0
120,2,85,4,0
120,2,86,4,0
120,2,87,4,0
120,2,92,4,0
120,2,94,4,0
120,2,99,4,0
120,2,100,4,0
120,2,102,4,0
120,2,104,4,0
120,2,105,1,27
120,2,106,1,22
120,2,107,1,37
120,2,113,1,42
120,2,115,4,0
120,2,117,4,0
120,2,129,1,32
120,2,129,4,0
120,2,130,4,0
120,2,148,4,0
120,2,149,4,0
120,2,156,4,0
120,2,161,4,0
120,2,164,4,0
121,2,33,1,1
121,2,36,4,0
121,2,38,4,0
121,2,55,1,1
121,2,55,4,0
121,2,57,4,0
121,2,58,4,0
121,2,59,4,0
121,2,61,4,0
121,2,63,4,0
121,2,85,4,0
121,2,86,4,0
121,2,87,4,0
121,2,92,4,0
121,2,94,4,0
121,2,99,4,0
121,2,100,4,0
121,2,102,4,0
121,2,104,4,0
121,2,106,1,1
121,2,115,4,0
121,2,117,4,0
121,2,129,4,0
121,2,130,4,0
121,2,148,4,0
121,2,149,4,0
121,2,156,4,0
121,2,161,4,0
121,2,164,4,0
122,2,3,1,31
122,2,5,4,0
122,2,25,4,0
122,2,34,4,0
122,2,36,4,0
122,2,38,4,0
122,2,63,4,0
122,2,66,4,0
122,2,68,4,0
122,2,69,4,0
122,2,76,4,0
122,2,85,4,0
122,2,86,4,0
122,2,87,4,0
122,2,92,4,0
122,2,93,1,1
122,2,93,1,15
122,2,94,4,0
122,2,96,1,39
122,2,99,4,0
122,2,100,4,0
122,2,102,4,0
122,2,104,4,0
122,2,112,1,1
122,2,113,1,23
122,2,115,4,0
122,2,117,4,0
122,2,118,4,0
122,2,130,4,0
122,2,148,4,0
122,2,149,4,0
122,2,156,4,0
122,2,164,1,47
122,2,164,4,0
123,2,14,1,35
123,2,14,4,0
123,2,15,4,0
123,2,17,1,50
123,2,36,4,0
123,2,38,4,0
123,2,43,1,17
123,2,63,4,0
123,2,92,4,0
123,2,97,1,42
123,2,98,1,1
123,2,99,4,0
123,2,102,4,0
123,2,104,1,24
123,2,104,4,0
123,2,116,1,20
123,2,117,4,0
123,2,129,4,0
123,2,130,4,0
123,2,156,4,0
123,2,163,1,29
123,2,164,4,0
124,2,1,1,1
124,2,3,1,23
124,2,5,4,0
124,2,8,1,31
124,2,25,4,0
124,2,34,1,39
124,2,34,4,0
124,2,36,4,0
124,2,37,1,47
124,2,38,4,0
124,2,55,4,0
124,2,58,4,0
124,2,59,1,58
124,2,59,4,0
124,2,61,4,0
124,2,63,4,0
124,2,66,4,0
124,2,68,4,0
124,2,69,4,0
124,2,92,4,0
124,2,94,4,0
124,2,99,4,0
124,2,100,4,0
124,2,102,4,0
124,2,104,4,0
124,2,115,4,0
124,2,117,4,0
124,2,118,4,0
124,2,122,1,18
124,2,130,4,0
124,2,142,1,1
124,2,149,4,0
124,2,156,4,0
124,2,164,4,0
125,2,5,4,0
125,2,9,1,42
125,2,25,4,0
125,2,34,4,0
125,2,36,4,0
125,2,38,4,0
125,2,43,1,1
125,2,63,4,0
125,2,66,4,0
125,2,68,4,0
125,2,69,4,0
125,2,70,4,0
125,2,84,1,34
125,2,85,4,0
125,2,86,4,0
125,2,87,1,54
125,2,87,4,0
125,2,92,4,0
125,2,94,4,0
125,2,98,1,1
125,2,99,4,0
125,2,100,4,0
125,2,102,4,0
125,2,103,1,37
125,2,104,4,0
125,2,113,1,49
125,2,115,4,0
125,2,117,4,0
125,2,118,4,0
125,2,129,4,0
125,2,130,4,0
125,2,148,4,0
125,2,149,4,0
125,2,156,4,0
125,2,164,4,0
126,2,5,4,0
126,2,7,1,43
126,2,25,4,0
126,2,34,4,0
126,2,36,4,0
126,2,38,4,0
126,2,43,1,36
126,2,52,1,1
126,2,53,1,55
126,2,63,4,0
126,2,66,4,0
126,2,68,4,0
126,2,69,4,0
126,2,70,4,0
126,2,92,4,0
126,2,94,4,0
126,2,99,4,0
126,2,100,4,0
126,2,102,4,0
126,2,104,4,0
126,2,108,1,48
126,2,109,1,39
126,2,117,4,0
126,2,118,4,0
126,2,123,1,52
126,2,126,4,0
126,2,130,4,0
126,2,149,4,0
126,2,156,4,0
126,2,164,4,0
127,2,11,1,1
127,2,12,1,30
127,2,14,1,54
127,2,14,4,0
127,2,15,4,0
127,2,20,1,21
127,2,34,4,0
127,2,36,4,0
127,2,38,4,0
127,2,63,4,0
127,2,66,4,0
127,2,69,1,25
127,2,69,4,0
127,2,70,4,0
127,2,92,4,0
127,2,99,4,0
127,2,102,4,0
127,2,104,4,0
127,2,106,1,43
127,2,116,1,36
127,2,117,4,0
127,2,156,4,0
127,2,163,1,49
127,2,164,4,0
128,2,23,1,21
128,2,32,4,0
128,2,33,1,1
128,2,34,4,0
128,2,36,1,51
128,2,36,4,0
128,2,38,4,0
128,2,39,1,28
128,2,43,1,35
128,2,58,4,0
128,2,59,4,0
128,2,63,4,0
128,2,70,4,0
128,2,85,4,0
128,2,87,4,0
128,2,89,4,0
128,2,90,4,0
128,2,92,4,0
128,2,99,1,44
128,2,99,4,0
128,2,102,4,0
128,2,104,4,0
128,2,117,4,0
128,2,126,4,0
128,2,130,4,0
128,2,156,4,0
128,2,164,4,0
129,2,33,1,15
129,2,150,1,1
130,2,33,1,1
130,2,34,4,0
130,2,36,4,0
130,2,38,4,0
130,2,43,1,32
130,2,44,1,20
130,2,55,4,0
130,2,56,1,41
130,2,57,4,0
130,2,58,4,0
130,2,59,4,0
130,2,61,4,0
130,2,63,1,52
130,2,63,4,0
130,2,70,4,0
130,2,82,1,25
130,2,82,4,0
130,2,85,4,0
130,2,87,4,0
130,2,92,4,0
130,2,99,4,0
130,2,102,4,0
130,2,104,4,0
130,2,115,4,0
130,2,117,4,0
130,2,126,4,0
130,2,130,4,0
130,2,156,4,0
130,2,164,4,0
131,2,32,4,0
131,2,34,1,25
131,2,34,4,0
131,2,36,4,0
131,2,38,4,0
131,2,45,1,1
131,2,47,1,16
131,2,54,1,20
131,2,55,1,1
131,2,55,4,0
131,2,56,1,46
131,2,57,4,0
131,2,58,1,38
131,2,58,4,0
131,2,59,4,0
131,2,61,4,0
131,2,63,4,0
131,2,70,4,0
131,2,76,4,0
131,2,82,4,0
131,2,85,4,0
131,2,87,4,0
131,2,92,4,0
131,2,94,4,0
131,2,99,4,0
131,2,102,4,0
131,2,104,4,0
131,2,109,1,31
131,2,115,4,0
131,2,117,4,0
131,2,130,4,0
131,2,149,4,0
131,2,156,4,0
131,2,164,4,0
132,2,144,1,1
133,2,28,1,8
133,2,33,1,1
133,2,34,4,0
133,2,36,1,42
133,2,36,4,0
133,2,38,4,0
133,2,39,1,1
133,2,44,1,30
133,2,45,1,16
133,2,92,4,0
133,2,98,1,23
133,2,99,4,0
133,2,102,4,0
133,2,104,4,0
133,2,115,4,0
133,2,116,1,36
133,2,117,4,0
133,2,129,4,0
133,2,130,4,0
133,2,156,4,0
133,2,164,4,0
134,2,28,1,8
134,2,33,1,1
134,2,34,4,0
134,2,36,4,0
134,2,38,4,0
134,2,39,1,1
134,2,44,1,30
134,2,54,1,42
134,2,55,1,1
134,2,55,1,16
134,2,55,4,0
134,2,56,1,52
134,2,57,4,0
134,2,58,4,0
134,2,59,4,0
134,2,61,4,0
134,2,62,1,36
134,2,63,4,0
134,2,92,4,0
134,2,98,1,1
134,2,98,1,23
134,2,99,4,0
134,2,102,4,0
134,2,104,4,0
134,2,114,1,42
134,2,115,4,0
134,2,117,4,0
134,2,129,4,0
134,2,130,4,0
134,2,151,1,47
134,2,156,4,0
134,2,164,4,0
135,2,24,1,30
135,2,28,1,8
135,2,33,1,1
135,2,34,4,0
135,2,36,4,0
135,2,38,4,0
135,2,39,1,1
135,2,42,1,36
135,2,63,4,0
135,2,84,1,1
135,2,84,1,16
135,2,85,4,0
135,2,86,1,42
135,2,86,4,0
135,2,87,1,52
135,2,87,4,0
135,2,92,4,0
135,2,97,1,47
135,2,98,1,1
135,2,98,1,23
135,2,99,4,0
135,2,102,4,0
135,2,104,4,0
135,2,115,4,0
135,2,117,4,0
135,2,129,4,0
135,2,130,4,0
135,2,148,4,0
135,2,156,4,0
135,2,164,4,0
136,2,28,1,8
136,2,33,1,1
136,2,34,4,0
136,2,36,4,0
136,2,38,4,0
136,2,39,1,1
136,2,43,1,47
136,2,44,1,30
136,2,52,1,1
136,2,52,1,16
136,2,53,1,52
136,2,63,4,0
136,2,83,1,36
136,2,92,4,0
136,2,98,1,1
136,2,98,1,23
136,2,99,4,0
136,2,102,4,0
136,2,104,4,0
136,2,115,4,0
136,2,117,4,0
136,2,123,1,42
136,2,126,4,0
136,2,129,4,0
136,2,130,4,0
136,2,156,4,0
136,2,164,4,0
137,2,33,1,1
137,2,36,4,0
137,2,38,4,0
137,2,58,4,0
137,2,59,4,0
137,2,60,1,23
137,2,63,4,0
137,2,85,4,0
137,2,86,4,0
137,2,87,4,0
137,2,92,4,0
137,2,94,4,0
137,2,97,1,35
137,2,99,4,0
137,2,100,4,0
137,2,102,4,0
137,2,104,4,0
137,2,105,1,28
137,2,115,4,0
137,2,117,4,0
137,2,129,4,0
137,2,130,4,0
137,2,148,4,0
137,2,149,4,0
137,2,156,4,0
137,2,159,1,1
137,2,160,1,1
137,2,161,1,42
137,2,161,4,0
137,2,164,4,0
138,2,30,1,34
138,2,34,4,0
138,2,36,4,0
138,2,38,4,0
138,2,43,1,39
138,2,55,1,1
138,2,55,4,0
138,2,56,1,53
138,2,57,4,0
138,2,58,4,0
138,2,59,4,0
138,2,61,4,0
138,2,92,4,0
138,2,99,4,0
138,2,102,4,0
138,2,104,4,0
138,2,110,1,1
138,2,115,4,0
138,2,117,4,0
138,2,131,1,46
138,2,156,4,0
138,2,164,4,0
139,2,30,1,1
139,2,30,1,34
139,2,32,4,0
139,2,34,4,0
139,2,36,4,0
139,2,38,4,0
139,2,43,1,39
139,2,55,1,1
139,2,55,4,0
139,2,56,1,49
139,2,57,4,0
139,2,58,4,0
139,2,59,4,0
139,2,61,4,0
139,2,63,4,0
139,2,66,4,0
139,2,69,4,0
139,2,92,4,0
139,2,99,4,0
139,2,102,4,0
139,2,104,4,0
139,2,110,1,1
139,2,115,4,0
139,2,117,4,0
139,2,130,4,0
139,2,131,1,44
139,2,156,4,0
139,2,164,4,0
140,2,10,1,1
140,2,34,4,0
140,2,36,4,0
140,2,38,4,0
140,2,43,1,44
140,2,55,4,0
140,2,56,1,49
140,2,57,4,0
140,2,58,4,0
140,2,59,4,0
140,2,61,4,0
140,2,71,1,34
140,2,92,4,0
140,2,99,4,0
140,2,102,4,0
140,2,104,4,0
140,2,106,1,1
140,2,115,4,0
140,2,117,4,0
140,2,156,4,0
140,2,163,1,39
140,2,164,4,0
141,2,10,1,1
141,2,13,4,0
141,2,14,4,0
141,2,15,4,0
141,2,25,4,0
141,2,34,4,0
141,2,36,4,0
141,2,38,4,0
141,2,43,1,46
141,2,55,4,0
141,2,56,1,53
141,2,57,4,0
141,2,58,4,0
141,2,59,4,0
141,2,61,4,0
141,2,63,4,0
141,2,66,4,0
141,2,69,4,0
141,2,71,1,1
141,2,71,1,34
141,2,92,4,0
141,2,99,4,0
141,2,102,4,0
141,2,104,4,0
141,2,106,1,1
141,2,115,4,0
141,2,117,4,0
141,2,130,4,0
141,2,156,4,0
141,2,163,1,39
141,2,164,4,0
142,2,13,4,0
142,2,17,1,1
142,2,18,4,0
142,2,19,4,0
142,2,36,1,45
142,2,36,4,0
142,2,38,4,0
142,2,44,1,38
142,2,48,1,33
142,2,63,1,54
142,2,63,4,0
142,2,82,4,0
142,2,92,4,0
142,2,97,1,1
142,2,99,4,0
142,2,102,4,0
142,2,104,4,0
142,2,115,4,0
142,2,117,4,0
142,2,126,4,0
142,2,129,4,0
142,2,143,4,0
142,2,156,4,0
142,2,164,4,0
143,2,5,4,0
143,2,6,4,0
143,2,25,4,0
143,2,29,1,1
143,2,34,1,35
143,2,34,4,0
143,2,36,4,0
143,2,38,1,48
143,2,38,4,0
143,2,55,4,0
143,2,57,4,0
143,2,58,4,0
143,2,59,4,0
143,2,61,4,0
143,2,63,1,56
143,2,63,4,0
143,2,66,4,0
143,2,68,4,0
143,2,69,4,0
143,2,70,4,0
143,2,76,4,0
143,2,85,4,0
143,2,87,4,0
143,2,89,4,0
143,2,90,4,0
143,2,92,4,0
143,2,94,4,0
143,2,99,4,0
143,2,102,4,0
143,2,104,4,0
143,2,106,1,41
143,2,115,4,0
143,2,117,4,0
143,2,118,4,0
143,2,120,4,0
143,2,126,4,0
143,2,130,4,0
143,2,133,1,1
143,2,149,4,0
143,2,156,1,1
143,2,156,4,0
143,2,157,4,0
143,2,164,4,0
144,2,13,4,0
144,2,18,4,0
144,2,19,4,0
144,2,36,4,0
144,2,38,4,0
144,2,54,1,60
144,2,55,4,0
144,2,58,1,1
144,2,58,4,0
144,2,59,1,51
144,2,59,4,0
144,2,61,4,0
144,2,63,4,0
144,2,64,1,1
144,2,92,4,0
144,2,97,1,55
144,2,99,4,0
144,2,102,4,0
144,2,104,4,0
144,2,115,4,0
144,2,117,4,0
144,2,129,4,0
144,2,143,4,0
144,2,156,4,0
144,2,164,4,0
145,2,13,4,0
145,2,18,4,0
145,2,19,4,0
145,2,36,4,0
145,2,38,4,0
145,2,63,4,0
145,2,65,1,1
145,2,84,1,1
145,2,85,4,0
145,2,86,4,0
145,2,87,1,51
145,2,87,4,0
145,2,92,4,0
145,2,97,1,55
145,2,99,4,0
145,2,102,4,0
145,2,104,4,0
145,2,113,1,60
145,2,115,4,0
145,2,117,4,0
145,2,129,4,0
145,2,143,4,0
145,2,148,4,0
145,2,156,4,0
145,2,164,4,0
146,2,13,4,0
146,2,18,4,0
146,2,19,4,0
146,2,36,4,0
146,2,38,4,0
146,2,43,1,51
146,2,63,4,0
146,2,64,1,1
146,2,83,1,1
146,2,92,4,0
146,2,97,1,55
146,2,99,4,0
146,2,102,4,0
146,2,104,4,0
146,2,115,4,0
146,2,117,4,0
146,2,126,4,0
146,2,129,4,0
146,2,143,1,60
146,2,143,4,0
146,2,156,4,0
146,2,164,4,0
147,2,21,1,30
147,2,34,4,0
147,2,35,1,1
147,2,36,4,0
147,2,38,4,0
147,2,43,1,1
147,2,55,4,0
147,2,57,4,0
147,2,58,4,0
147,2,59,4,0
147,2,61,4,0
147,2,63,1,50
147,2,82,1,40
147,2,82,4,0
147,2,85,4,0
147,2,86,1,10
147,2,86,4,0
147,2,87,4,0
147,2,92,4,0
147,2,97,1,20
147,2,99,4,0
147,2,102,4,0
147,2,104,4,0
147,2,115,4,0
147,2,117,4,0
147,2,126,4,0
147,2,129,4,0
147,2,130,4,0
147,2,156,4,0
147,2,164,4,0
148,2,21,1,35
148,2,32,4,0
148,2,34,4,0
148,2,35,1,1
148,2,36,4,0
148,2,38,4,0
148,2,43,1,1
148,2,55,4,0
148,2,57,4,0
148,2,58,4,0
148,2,59,4,0
148,2,61,4,0
148,2,63,1,55
148,2,82,1,45
148,2,82,4,0
148,2,85,4,0
148,2,86,1,1
148,2,86,1,10
148,2,86,4,0
148,2,87,4,0
148,2,92,4,0
148,2,97,1,20
148,2,99,4,0
148,2,102,4,0
148,2,104,4,0
148,2,115,4,0
148,2,117,4,0
148,2,126,4,0
148,2,129,4,0
148,2,130,4,0
148,2,156,4,0
148,2,164,4,0
149,2,13,4,0
149,2,21,1,35
149,2,32,4,0
149,2,34,4,0
149,2,35,1,1
149,2,36,4,0
149,2,38,4,0
149,2,43,1,1
149,2,55,4,0
149,2,57,4,0
149,2,58,4,0
149,2,59,4,0
149,2,61,4,0
149,2,63,1,60
149,2,63,4,0
149,2,70,4,0
149,2,82,1,45
149,2,82,4,0
149,2,85,4,0
149,2,86,1,1
149,2,86,1,10
149,2,86,4,0
149,2,87,4,0
149,2,92,4,0
149,2,97,1,1
149,2,97,1,20
149,2,99,4,0
149,2,102,4,0
149,2,104,4,0
149,2,115,4,0
149,2,117,4,0
149,2,126,4,0
149,2,129,4,0
149,2,130,4,0
149,2,156,4,0
149,2,164,4,0
150,2,5,4,0
150,2,25,4,0
150,2,34,4,0
150,2,36,4,0
150,2,38,4,0
150,2,50,1,1
150,2,54,1,75
150,2,55,4,0
150,2,58,4,0
150,2,59,4,0
150,2,61,4,0
150,2,63,4,0
150,2,66,4,0
150,2,68,4,0
150,2,69,4,0
150,2,70,4,0
150,2,76,4,0
150,2,85,4,0
150,2,86,4,0
150,2,87,4,0
150,2,92,4,0
150,2,93,1,1
150,2,94,1,1
150,2,94,1,66
150,2,94,4,0
150,2,99,4,0
150,2,100,4,0
150,2,102,4,0
150,2,104,4,0
150,2,105,1,70
150,2,112,1,63
150,2,115,4,0
150,2,117,4,0
150,2,118,4,0
150,2,120,4,0
150,2,126,4,0
150,2,129,1,1
150,2,130,4,0
150,2,133,1,81
150,2,148,4,0
150,2,149,4,0
150,2,156,4,0
150,2,161,4,0
150,2,164,4,0
151,2,1,1,1
151,2,5,1,20
151,2,5,4,0
151,2,6,4,0
151,2,13,4,0
151,2,14,4,0
151,2,15,4,0
151,2,18,4,0
151,2,19,4,0
151,2,25,4,0
151,2,32,4,0
151,2,34,4,0
151,2,36,4,0
151,2,38,4,0
151,2,55,4,0
151,2,57,4,0
151,2,58,4,0
151,2,59,4,0
151,2,61,4,0
151,2,63,4,0
151,2,66,4,0
151,2,68,4,0
151,2,69,4,0
151,2,70,4,0
151,2,72,4,0
151,2,76,4,0
151,2,82,4,0
151,2,85,4,0
151,2,86,4,0
151,2,87,4,0
151,2,89,4,0
151,2,90,4,0
151,2,91,4,0
151,2,92,4,0
151,2,94,1,40
151,2,94,4,0
151,2,99,4,0
151,2,100,4,0
151,2,102,4,0
151,2,104,4,0
151,2,115,4,0
151,2,117,4,0
151,2,118,1,30
151,2,118,4,0
151,2,120,4,0
151,2,121,4,0
151,2,126,4,0
151,2,129,4,0
151,2,130,4,0
151,2,135,4,0
151,2,138,4,0
151,2,143,4,0
151,2,144,1,10
151,2,148,4,0
151,2,149,4,0
151,2,153,4,0
151,2,156,4,0
151,2,157,4,0
151,2,161,4,0
151,2,164,4,0
